{"f1 score": 0.8133647290579744, "recall score": 0.7938773057741993, "precision score": 0.8338329494178158, "accuracy score": 0.7137765819349052}